{
  "tau_fixed": 0.05,
  "c_multiplier": 3.0,
  "shots": 800,
  "n_trials": 150,
  "fixed_results": {
    "k=4,eps=0.001": {
      "p_fp": 0.04,
      "p_fn": 0.013333333333333334,
      "alpha": 0.9847519454618828
    },
    "k=4,eps=0.01": {
      "p_fp": 0.06,
      "p_fn": 0.013333333333333334,
      "alpha": 0.9417521214114186
    },
    "k=4,eps=0.03": {
      "p_fp": 0.06,
      "p_fn": 0.013333333333333334,
      "alpha": 0.8394393797049856
    },
    "k=4,eps=0.05": {
      "p_fp": 0.04,
      "p_fn": 0.02666666666666667,
      "alpha": 0.7392660237936847
    },
    "k=8,eps=0.001": {
      "p_fp": 0.013333333333333334,
      "p_fn": 0.04,
      "alpha": 0.9920958435802952
    },
    "k=8,eps=0.01": {
      "p_fp": 0.04666666666666667,
      "p_fn": 0.04666666666666667,
      "alpha": 0.8688522481860221
    },
    "k=8,eps=0.03": {
      "p_fp": 0.08,
      "p_fn": 0.08666666666666667,
      "alpha": 0.6471375108903842
    },
    "k=8,eps=0.05": {
      "p_fp": 0.15333333333333332,
      "p_fn": 0.10666666666666667,
      "alpha": 0.47761277072621133
    },
    "k=12,eps=0.001": {
      "p_fp": 0.006666666666666667,
      "p_fn": 0.10666666666666667,
      "alpha": 0.9783125474204352
    },
    "k=12,eps=0.01": {
      "p_fp": 0.02666666666666667,
      "p_fn": 0.10666666666666667,
      "alpha": 0.8000407200016943
    },
    "k=12,eps=0.03": {
      "p_fp": 0.11333333333333333,
      "p_fn": 0.19333333333333333,
      "alpha": 0.5087404240411778
    },
    "k=12,eps=0.05": {
      "p_fp": 0.13333333333333333,
      "p_fn": 0.3333333333333333,
      "alpha": 0.3114531204199226
    }
  },
  "qnat_results": {
    "k=4,eps=0.001": {
      "p_fp": 0.02,
      "p_fn": 0.04,
      "tau": 0.07479950266148773,
      "sigma": 0.024933167553829242
    },
    "k=4,eps=0.01": {
      "p_fp": 0.006666666666666667,
      "p_fn": 0.02666666666666667,
      "tau": 0.0861712602030525,
      "sigma": 0.0287237534010175
    },
    "k=4,eps=0.03": {
      "p_fp": 0.006666666666666667,
      "p_fn": 0.0,
      "tau": 0.08829119506283577,
      "sigma": 0.02943039835427859
    },
    "k=4,eps=0.05": {
      "p_fp": 0.013333333333333334,
      "p_fn": 0.04666666666666667,
      "tau": 0.07766906558707687,
      "sigma": 0.025889688529025623
    },
    "k=8,eps=0.001": {
      "p_fp": 0.006666666666666667,
      "p_fn": 0.08,
      "tau": 0.08510797506088749,
      "sigma": 0.02836932502029583
    },
    "k=8,eps=0.01": {
      "p_fp": 0.0,
      "p_fn": 0.12,
      "tau": 0.090660362970074,
      "sigma": 0.030220120990024666
    },
    "k=8,eps=0.03": {
      "p_fp": 0.0,
      "p_fn": 0.14666666666666667,
      "tau": 0.08293473067167469,
      "sigma": 0.027644910223891563
    },
    "k=8,eps=0.05": {
      "p_fp": 0.006666666666666667,
      "p_fn": 0.18666666666666668,
      "tau": 0.09995624606913676,
      "sigma": 0.033318748689712255
    },
    "k=12,eps=0.001": {
      "p_fp": 0.03333333333333333,
      "p_fn": 0.06666666666666667,
      "tau": 0.048806677641122925,
      "sigma": 0.016268892547040975
    },
    "k=12,eps=0.01": {
      "p_fp": 0.04,
      "p_fn": 0.15333333333333332,
      "tau": 0.05484306012103273,
      "sigma": 0.018281020040344244
    },
    "k=12,eps=0.03": {
      "p_fp": 0.006666666666666667,
      "p_fn": 0.37333333333333335,
      "tau": 0.07596942381246109,
      "sigma": 0.025323141270820363
    },
    "k=12,eps=0.05": {
      "p_fp": 0.006666666666666667,
      "p_fn": 0.5,
      "tau": 0.09466568747565238,
      "sigma": 0.031555229158550795
    }
  }
}