{
  "tau_fixed": 0.05,
  "c_multiplier": 3.0,
  "shots": 800,
  "n_trials": 30,
  "fixed_results": {
    "k=4,eps=0.001": {
      "p_fp": 0.06666666666666667,
      "p_fn": 0.0,
      "alpha": 0.9847519454618828
    },
    "k=4,eps=0.01": {
      "p_fp": 0.06666666666666667,
      "p_fn": 0.0,
      "alpha": 0.9356438991426996
    },
    "k=4,eps=0.03": {
      "p_fp": 0.03333333333333333,
      "p_fn": 0.0,
      "alpha": 0.8250713611801961
    },
    "k=4,eps=0.05": {
      "p_fp": 0.03333333333333333,
      "p_fn": 0.0,
      "alpha": 0.7335611614483519
    },
    "k=8,eps=0.001": {
      "p_fp": 0.06666666666666667,
      "p_fn": 0.0,
      "alpha": 0.9826737742105891
    },
    "k=8,eps=0.01": {
      "p_fp": 0.03333333333333333,
      "p_fn": 0.06666666666666667,
      "alpha": 0.8698588841131439
    },
    "k=8,eps=0.03": {
      "p_fp": 0.06666666666666667,
      "p_fn": 0.06666666666666667,
      "alpha": 0.6418849966398917
    },
    "k=8,eps=0.05": {
      "p_fp": 0.13333333333333333,
      "p_fn": 0.13333333333333333,
      "alpha": 0.4796695115513134
    },
    "k=12,eps=0.001": {
      "p_fp": 0.06666666666666667,
      "p_fn": 0.06666666666666667,
      "alpha": 0.9818755145434013
    },
    "k=12,eps=0.01": {
      "p_fp": 0.06666666666666667,
      "p_fn": 0.13333333333333333,
      "alpha": 0.8009680933419191
    },
    "k=12,eps=0.03": {
      "p_fp": 0.06666666666666667,
      "p_fn": 0.13333333333333333,
      "alpha": 0.5077318507747391
    },
    "k=12,eps=0.05": {
      "p_fp": 0.16666666666666666,
      "p_fn": 0.16666666666666666,
      "alpha": 0.31722460412337916
    }
  },
  "qnat_results": {
    "k=4,eps=0.001": {
      "p_fp": 0.03333333333333333,
      "p_fn": 0.03333333333333333,
      "tau": 0.07479950266148773,
      "sigma": 0.024933167553829242
    },
    "k=4,eps=0.01": {
      "p_fp": 0.03333333333333333,
      "p_fn": 0.0,
      "tau": 0.08010819835369343,
      "sigma": 0.026702732784564476
    },
    "k=4,eps=0.03": {
      "p_fp": 0.03333333333333333,
      "p_fn": 0.0,
      "tau": 0.057403637662384405,
      "sigma": 0.019134545887461468
    },
    "k=4,eps=0.05": {
      "p_fp": 0.0,
      "p_fn": 0.0,
      "tau": 0.09038396335673572,
      "sigma": 0.030127987785578573
    },
    "k=8,eps=0.001": {
      "p_fp": 0.03333333333333333,
      "p_fn": 0.0,
      "tau": 0.06092683594713875,
      "sigma": 0.020308945315712916
    },
    "k=8,eps=0.01": {
      "p_fp": 0.0,
      "p_fn": 0.03333333333333333,
      "tau": 0.05619461820599332,
      "sigma": 0.018731539401997774
    },
    "k=8,eps=0.03": {
      "p_fp": 0.0,
      "p_fn": 0.23333333333333334,
      "tau": 0.0968826848472754,
      "sigma": 0.03229422828242513
    },
    "k=8,eps=0.05": {
      "p_fp": 0.03333333333333333,
      "p_fn": 0.26666666666666666,
      "tau": 0.08533117006936825,
      "sigma": 0.028443723356456084
    },
    "k=12,eps=0.001": {
      "p_fp": 0.03333333333333333,
      "p_fn": 0.13333333333333333,
      "tau": 0.05318216969815433,
      "sigma": 0.017727389899384775
    },
    "k=12,eps=0.01": {
      "p_fp": 0.0,
      "p_fn": 0.13333333333333333,
      "tau": 0.06722845203563106,
      "sigma": 0.02240948401187702
    },
    "k=12,eps=0.03": {
      "p_fp": 0.0,
      "p_fn": 0.3,
      "tau": 0.07330565933518639,
      "sigma": 0.024435219778395464
    },
    "k=12,eps=0.05": {
      "p_fp": 0.0,
      "p_fn": 0.43333333333333335,
      "tau": 0.09735751812440317,
      "sigma": 0.032452506041467724
    }
  }
}