{
  "tau": 0.15,
  "n_trials": 60,
  "shots": 4000,
  "results": {
    "k=4,eps=0.001": {
      "p_fp": 0.0,
      "p_fn": 0.016666666666666666
    },
    "k=4,eps=0.005": {
      "p_fp": 0.0,
      "p_fn": 0.05
    },
    "k=4,eps=0.01": {
      "p_fp": 0.0,
      "p_fn": 0.06666666666666667
    },
    "k=4,eps=0.02": {
      "p_fp": 0.0,
      "p_fn": 0.016666666666666666
    },
    "k=4,eps=0.03": {
      "p_fp": 0.38333333333333336,
      "p_fn": 0.016666666666666666
    },
    "k=5,eps=0.001": {
      "p_fp": 0.0,
      "p_fn": 0.06666666666666667
    },
    "k=5,eps=0.005": {
      "p_fp": 0.0,
      "p_fn": 0.05
    },
    "k=5,eps=0.01": {
      "p_fp": 0.0,
      "p_fn": 0.1
    },
    "k=5,eps=0.02": {
      "p_fp": 0.1,
      "p_fn": 0.016666666666666666
    },
    "k=5,eps=0.03": {
      "p_fp": 0.6666666666666666,
      "p_fn": 0.1
    },
    "k=8,eps=0.001": {
      "p_fp": 0.0,
      "p_fn": 0.08333333333333333
    },
    "k=8,eps=0.005": {
      "p_fp": 0.0,
      "p_fn": 0.11666666666666667
    },
    "k=8,eps=0.01": {
      "p_fp": 0.0,
      "p_fn": 0.2
    },
    "k=8,eps=0.02": {
      "p_fp": 0.7833333333333333,
      "p_fn": 0.16666666666666666
    },
    "k=8,eps=0.03": {
      "p_fp": 0.9666666666666667,
      "p_fn": 0.08333333333333333
    }
  }
}