{
  "c_multiplier": 3.0,
  "n_trials": 60,
  "shots": 4000,
  "results": {
    "k=4,eps=0.001": {
      "p_fp": 0.05,
      "p_fn": 0.03333333333333333,
      "tau": 0.029830230336220488,
      "alpha": 0.992181900726129,
      "sigma": 0.009943410112073496
    },
    "k=4,eps=0.005": {
      "p_fp": 0.016666666666666666,
      "p_fn": 0.016666666666666666,
      "tau": 0.03248842116090448,
      "alpha": 0.9696091863930048,
      "sigma": 0.010829473720301493
    },
    "k=4,eps=0.01": {
      "p_fp": 0.0,
      "p_fn": 0.016666666666666666,
      "tau": 0.03184348427649789,
      "alpha": 0.9404969328750865,
      "sigma": 0.01061449475883263
    },
    "k=4,eps=0.02": {
      "p_fp": 0.0,
      "p_fn": 0.0,
      "tau": 0.029698698828824734,
      "alpha": 0.8853855360691764,
      "sigma": 0.009899566276274911
    },
    "k=4,eps=0.03": {
      "p_fp": 0.0,
      "p_fn": 0.03333333333333333,
      "tau": 0.03665447400694188,
      "alpha": 0.8289427988780269,
      "sigma": 0.01221815800231396
    },
    "k=5,eps=0.001": {
      "p_fp": 0.03333333333333333,
      "p_fn": 0.0,
      "tau": 0.027122406282458943,
      "alpha": 0.9913812025385411,
      "sigma": 0.009040802094152981
    },
    "k=5,eps=0.005": {
      "p_fp": 0.05,
      "p_fn": 0.0,
      "tau": 0.029373889532321167,
      "alpha": 0.9604876577247136,
      "sigma": 0.009791296510773722
    },
    "k=5,eps=0.01": {
      "p_fp": 0.0,
      "p_fn": 0.06666666666666667,
      "tau": 0.03822004336082064,
      "alpha": 0.9240642458563345,
      "sigma": 0.01274001445360688
    },
    "k=5,eps=0.02": {
      "p_fp": 0.03333333333333333,
      "p_fn": 0.0,
      "tau": 0.03065988750452118,
      "alpha": 0.8523601044467021,
      "sigma": 0.010219962501507059
    },
    "k=5,eps=0.03": {
      "p_fp": 0.0,
      "p_fn": 0.0,
      "tau": 0.03479568835486389,
      "alpha": 0.785834027826761,
      "sigma": 0.01159856278495463
    },
    "k=8,eps=0.001": {
      "p_fp": 0.0,
      "p_fn": 0.03333333333333333,
      "tau": 0.02797717104232757,
      "alpha": 0.9870513341739999,
      "sigma": 0.009325723680775857
    },
    "k=8,eps=0.005": {
      "p_fp": 0.0,
      "p_fn": 0.0,
      "tau": 0.023965776126926977,
      "alpha": 0.9331093582792058,
      "sigma": 0.007988592042308992
    },
    "k=8,eps=0.01": {
      "p_fp": 0.0,
      "p_fn": 0.06666666666666667,
      "tau": 0.03293584231128929,
      "alpha": 0.8683832077248576,
      "sigma": 0.010978614103763096
    },
    "k=8,eps=0.02": {
      "p_fp": 0.0,
      "p_fn": 0.05,
      "tau": 0.03451965249192415,
      "alpha": 0.7543266949907809,
      "sigma": 0.011506550830641385
    },
    "k=8,eps=0.03": {
      "p_fp": 0.016666666666666666,
      "p_fn": 0.0,
      "tau": 0.03457163869190958,
      "alpha": 0.6515760282543853,
      "sigma": 0.01152387956396986
    }
  }
}